USE MASTER 
GO
IF EXISTS(SELECT *FROM SYS.databases WHERE NAME='QL_KVC')
DROP DATABASE QL_KVC
GO
CREATE DATABASE QL_KVC
GO 
USE QL_KVC
GO
---------------------------------------------------------------TẠO BẢNG,KHOÁ CHÍNH,KHOÁ NGOẠI--------------------------------------------------------
------TẠO BẢNG KHÁCH HÀNG
CREATE TABLE KHACHHANG
(
	MAKH VARCHAR(10) NOT NULL PRIMARY KEY,
	TENKH NVARCHAR(50),
	GIOITINH NVARCHAR(10),
	SDT VARCHAR(11)
)
------TẠO BẢNG LOẠI NHÂN VIÊN
CREATE TABLE LOAINHANVIEN
(
	MALOAI VARCHAR(10) NOT NULL PRIMARY KEY,
	TENLOAI NVARCHAR(50)
)
------TẠO BẢNG NHÂN VIÊN
CREATE TABLE NHANVIEN
(
	MANV VARCHAR(10) NOT NULL PRIMARY KEY,
	TENNV NVARCHAR(50),
	GIOITINH NVARCHAR(10),
	MALOAI VARCHAR(10),
	DIACHI NVARCHAR(50),
	CONSTRAINT FK_NHANVIEN_LOAINHANVIEN FOREIGN KEY (MALOAI) REFERENCES LOAINHANVIEN(MALOAI)
)
------TẠO BẢNG ACCOUNT
CREATE TABLE ACCOUNT
(
	ID VARCHAR(10) NOT NULL PRIMARY KEY,
	USERNAME VARCHAR(50),
	PASS VARCHAR(50),
	MANV VARCHAR(10),
	MALOAI VARCHAR(10),
	CONSTRAINT FK_ACCOUNT_LOAINHANVIEN FOREIGN KEY (MALOAI) REFERENCES LOAINHANVIEN(MALOAI),
	CONSTRAINT FK_ACCOUNT_NHANVIEN FOREIGN KEY (MANV) REFERENCES NHANVIEN(MANV)
)

------TẠO BẢNG HUẤN LUYỆN VIÊN
CREATE TABLE HUANLUYENVIEN
(
	MAHLV VARCHAR(10) NOT NULL PRIMARY KEY,
	TENHLV NVARCHAR(50),
	GIOITINH NVARCHAR(10),
	DIACHI NVARCHAR(50),
	TRANGTHAI BIT
)

------TẠO BẢNG NHÀ CUNG CẤP
CREATE TABLE NHACC
(
	MANCC VARCHAR(10) NOT NULL PRIMARY KEY,
	TENNCC NVARCHAR(50),
	DIACHI NVARCHAR(200)
)
------TẠO BẢNG XE
CREATE TABLE XE
(
	MAXE VARCHAR(10) NOT NULL PRIMARY KEY,
	TENXE NVARCHAR(50),
	NGAYNHAP DATE,
	MANCC VARCHAR(10),
	TRANGTHAI BIT,
	CONSTRAINT FK_XE_NHACC FOREIGN KEY (MANCC) REFERENCES NHACC(MANCC)
)
------TẠO BẢNG LOẠI ĐỒ BẢO HỘ
CREATE TABLE LOAIDOBAOHO
(
	MALOAIDBH VARCHAR(10) NOT NULL PRIMARY KEY,
	TENLOAIDBH NVARCHAR(50),
	DONGIA FLOAT
)
------TẠO BẢNG ĐỒ BẢO HỘ
CREATE TABLE DOBAOHO
(
	MADOBAOHO VARCHAR(10) NOT NULL PRIMARY KEY,
	TENDOBAOHO NVARCHAR(50),
	MALOAIDBH VARCHAR(10),
	MANHACC VARCHAR(10),
	TRANGTHAI BIT,
	CONSTRAINT FK_LOAIDOBAOHO_DOBAOHO FOREIGN KEY (MALOAIDBH) REFERENCES LOAIDOBAOHO(MALOAIDBH)
)
------TẠO BẢNG VÉ
CREATE TABLE LOAIVE
(
	MALOAIVE VARCHAR(10) NOT NULL PRIMARY KEY,
	TENLOAIVE NVARCHAR(50),
	THOIGIAN TIME(7),   
	DONGIA FLOAT
)

------TẠO BẢNG HÓA ĐƠN BÁN VÉ
CREATE TABLE HOADONBANVE
(
	MAHD VARCHAR(10) NOT NULL PRIMARY KEY,
	MAKH VARCHAR(10),
	MANV VARCHAR(10),
	NGAYIN Date,
	TONGTIEN FLOAT,
	CONSTRAINT FK_HOADONBANVE_NHANVIENBANHANG FOREIGN KEY (MANV) REFERENCES NHANVIEN(MANV),
	CONSTRAINT FK_HOADONBANVE_KHACHHANG FOREIGN KEY (MAKH) REFERENCES KHACHHANG(MAKH)
)
------TẠO BẢNG CHI TIẾT HÓA ĐƠN BÁN VÉ
CREATE TABLE CTHOADONBANVE
(
	MACTHD VARCHAR(10) NOT NULL PRIMARY KEY,
	MAHD VARCHAR(10),
	MALOAIVE VARCHAR(10),
	MAXE VARCHAR(10),
	DONGIA FLOAT,
	CONSTRAINT FK_CTHOADONBANVE_LOAIVE FOREIGN KEY (MALOAIVE) REFERENCES LOAIVE(MALOAIVE),
	CONSTRAINT FK_CTHOADONBANVE_XE FOREIGN KEY (MAXE) REFERENCES XE(MAXE),
	CONSTRAINT FK_CTHOADONBANVE_HOADONBANVE FOREIGN KEY (MAHD) REFERENCES HOADONBANVE(MAHD)
)

------TẠO BẢNG CHI TIẾT HÓA ĐƠN BÁN ĐỒ BẢO HỘ CỦA VÉ
CREATE TABLE CTHDDOBAOHO
(
	MAHD VARCHAR(10),
	MADBH VARCHAR(10),
	MALOAIDBH VARCHAR(10),
	DONGIA FLOAT,
	CONSTRAINT PK_CTHDDOBAOHO PRIMARY KEY (MAHD,MADBH),
	CONSTRAINT FK_CTHDDOBAOHO_HOADONBANVE FOREIGN KEY (MAHD) REFERENCES HOADONBANVE(MAHD),
	CONSTRAINT FK_CTHDDOBAOHO_DOBAOHO FOREIGN KEY (MADBH) REFERENCES DOBAOHO(MADOBAOHO),
	CONSTRAINT FK_CTHDDOBAOHO_LOAIDOBAOHO FOREIGN KEY (MALOAIDBH) REFERENCES LOAIDOBAOHO(MALOAIDBH)
)

------TẠO BẢNG TRANG THIẾT BỊ
CREATE TABLE TRANGTHIETBI
(
	MATHIETBI VARCHAR(10) NOT NULL PRIMARY KEY,
	TENTHIETBI NVARCHAR(50),
	NGAYNHAP DATE,
	MANCC VARCHAR(10),
	TONKHO INT,
	CONSTRAINT FK_TRANGTHIETBI_NHACC FOREIGN KEY (MANCC) REFERENCES NHACC(MANCC)
)


------TẠO BẢNG BẢO TRÌ
CREATE TABLE BAOTRI
(
	MABAOTRI VARCHAR(10) NOT NULL PRIMARY KEY,
	TONGTHOIGIANBAOTRI INT,
	MANV VARCHAR(10),
	MAXE VARCHAR(10),
	NGAYLAP DATE,
	CONSTRAINT FK_NHANVIENKITHUAT_BAOTRI FOREIGN KEY (MANV) REFERENCES NHANVIEN(MANV),
	CONSTRAINT FK_XE_BAOTRI FOREIGN KEY (MAXE) REFERENCES XE(MAXE)
)
------TẠO BẢNG BẢO TRÌ
CREATE TABLE CTBAOTRI
(
	MACTBAOTRI VARCHAR(10) not null primary key,
	MABAOTRI VARCHAR(10),
	NOIDUNG TEXT,
	THOIGIANBAOTRI INT,
	MATHIETBI VARCHAR(10),
	CONSTRAINT FK_BAOTRI_CTBAOTRI FOREIGN KEY (MABAOTRI) REFERENCES BAOTRI(MABAOTRI),
	CONSTRAINT FK_TRANGTHIETBI_CTBAOTRI FOREIGN KEY (MATHIETBI) REFERENCES TRANGTHIETBI(MATHIETBI)
)

------TẠO BẢNG DỊCH VỤ THUÊ HUẤN LUYỆN VIÊN
CREATE TABLE DICHVUTHUEHLV
(
	MADV VARCHAR(10) NOT NULL PRIMARY KEY,
	THOIGIAN TIME(7),
	TENDV NVARCHAR(50),
	DONGIA FLOAT,
)

------TẠO BẢNG HÓA ĐƠN THUÊ HUẤN LUYỆN VIÊN
CREATE TABLE HOADONTHUEHLV
(
	MAHD VARCHAR(10) NOT NULL PRIMARY KEY,
	NGAYLAP DATE,
	MANV VARCHAR(10),
	MAKH VARCHAR(10),
	MAHLV VARCHAR(10),
	MADV VARCHAR(10),
	CONSTRAINT FK_HOADONTHUEHLV_NHANVIENBANHANG FOREIGN KEY (MANV) REFERENCES NHANVIEN(MANV),
	CONSTRAINT FK_HOADONTHUEHLV_DICHVUTHUEHLV FOREIGN KEY (MADV) REFERENCES DICHVUTHUEHLV(MADV),
	CONSTRAINT FK_HOADONTHUEHLV_HUANLUYENVIEN FOREIGN KEY (MAHLV) REFERENCES HUANLUYENVIEN(MAHLV),
	CONSTRAINT FK_HOADONTHUEHLV_KHACHHANG FOREIGN KEY (MAKH) REFERENCES KHACHHANG(MAKH)
)
------TẠO BẢNG CHI TIẾT XE CỦA HÓA ĐƠN THUÊ HUẤN LUYỆN VIÊN 
CREATE TABLE HOADONTHUEHLVCTXE
(
	MAHD VARCHAR(10),
	MAXE VARCHAR(10),
	DEOBIET BIT,
	CONSTRAINT PK_HOADONTHUEHLVCTXE PRIMARY KEY (MAHD,MAXE),
	CONSTRAINT FK_HOADONTHUEHLVCTXE_HOADONTHUEHLV FOREIGN KEY (MAHD) REFERENCES HOADONTHUEHLV(MAHD),
	CONSTRAINT FK_HOADONTHUEHLVCTXE_XE FOREIGN KEY (MAXE) REFERENCES XE(MAXE)
)
------TẠO BẢNG HOẠT ĐỘNG
CREATE TABLE HOATDONG
(
	MAXE VARCHAR(10) NOT NULL primary key,
	MAKH VARCHAR(10),
	BATDAU TIME(7),
	THOIGIAN TIME(7),
	MAHLV VARCHAR(10),
	TRANGTHAI BIT,
	MAHD VARCHAR(10),
	CONSTRAINT FK_HOATDONG_XE FOREIGN KEY (MAXE) REFERENCES XE(MAXE),
	CONSTRAINT FK_HOATDONG_KHACHHANG FOREIGN KEY (MAKH) REFERENCES KHACHHANG(MAKH)
)
------TẠO BẢNG NHẬP XE
CREATE TABLE PHIEUNHAP
(
	MAPN VARCHAR(10) NOT NULL PRIMARY KEY,
	LOAIPN INT,
	NGAYNHAP DATE,
	TONGTIEN FLOAT,
	MANV VARCHAR(10),
	CONSTRAINT FK_PHIEUNHAPXE_NHANVIEN FOREIGN KEY (MANV) REFERENCES NHANVIEN(MANV)
)
------TẠO BẢNG NHẬP CHI TIẾT PHIẾU NHẬP XE
CREATE TABLE CTPHIEUNHAPXE
(
	MAPN VARCHAR(10),
	MANCC VARCHAR(10),
	TENXE NVARCHAR(50),
	SOLUONG INT,
	DONGIA FLOAT,
	CONSTRAINT PK_CTPHIEUNHAPXE Primary KEY (MAPN,MANCC,TENXE),
	CONSTRAINT FK_CTPHIEUNHAPXE_NHACC FOREIGN KEY (MANCC) REFERENCES NHACC(MANCC),
	CONSTRAINT FK_CTPHIEUNHAPXE_PHIEUNHAP FOREIGN KEY (MAPN) REFERENCES PHIEUNHAP(MAPN)
)
------TẠO BẢNG NHẬP CHI TIẾT PHIẾU NHẬP TRANG THIẾT BỊ
CREATE TABLE CTPHIEUNHAPTTB
(
	MAPN VARCHAR(10),
	MANCC VARCHAR(10),
	MATHIETBI VARCHAR(10),
	SOLUONG INT,
	DONGIA FLOAT,
	CONSTRAINT PK_CTPHIEUNHAPTTB Primary KEY (MAPN,MANCC,MATHIETBI),
	CONSTRAINT FK_CTPHIEUNHAPTTB_NHACC FOREIGN KEY (MANCC) REFERENCES NHACC(MANCC),
	CONSTRAINT FK_CTPHIEUNHAPTTB_TRANGTHIETBI FOREIGN KEY (MATHIETBI) REFERENCES TRANGTHIETBI(MATHIETBI),
	CONSTRAINT FK_CTPHIEUNHAPTTB_PHIEUNHAP FOREIGN KEY (MAPN) REFERENCES PHIEUNHAP(MAPN)
)
------TẠO BẢNG NHẬP CHI TIẾT PHIẾU NHẬP ĐỒ BẢO HỘ
CREATE TABLE CTPHIEUNHAPDBH
(
	MAPN VARCHAR(10),
	MANCC VARCHAR(10),
	TENDBH NVARCHAR(50),
	SOLUONG INT,
	DONGIA FLOAT,
	CONSTRAINT PK_CTPHIEUNHAPDBH Primary KEY (MAPN,MANCC,TENDBH),
	CONSTRAINT FK_CTPHIEUNHAPDBH_NHACC FOREIGN KEY (MANCC) REFERENCES NHACC(MANCC),
	CONSTRAINT FK_CTPHIEUNHAPDBH_PHIEUNHAP FOREIGN KEY (MAPN) REFERENCES PHIEUNHAP(MAPN)
)



set dateformat dmy


---------------------NHẬP BẢNG KHÁCH HÀNG----------------------------------------------------------------------------------------------
INSERT INTO KHACHHANG VALUES ('KH001', N'Nguyễn Trọng Khánh',N'Nam','0908833454')
INSERT INTO KHACHHANG VALUES ('KH002', N'Đặng Trọng An',N'Nam','1234567890')
INSERT INTO KHACHHANG VALUES ('KH003', N'Huỳnh Như Anh',N'Nữ','0908123445')
INSERT INTO KHACHHANG VALUES ('KH004', N'Nguyễn Thị Minh Anh',N'Nữ','0309876454')
INSERT INTO KHACHHANG VALUES ('KH005', N'Đinh Thành Bảo',N'Nam','0987656552')
--INSERT INTO KHACHHANG VALUES ('KH006', N'Nguyễn Thị Linh Chi',N'NỮ')
--INSERT INTO KHACHHANG VALUES ('KH007', N'Nguyễn Trọng Dinh',N'NAM')
--INSERT INTO KHACHHANG VALUES ('KH008', N'Nguyễn Thị Hồng Đào',N'NỮ')
--INSERT INTO KHACHHANG VALUES ('KH009', N'Mang Thành Đạt',N'NAM')
--INSERT INTO KHACHHANG VALUES ('KH010', N'Nguyễn Phú Đức',N'NAM')
--INSERT INTO KHACHHANG VALUES ('KH011', N'Nguyễn Hoàng Dương',N'NAM')
--INSERT INTO KHACHHANG VALUES ('KH012', N'Võ Trần Mộng Diễm',N'NỮ')
--INSERT INTO KHACHHANG VALUES ('KH013', N'Nguyễn Thị Ngọc Diệu',N'NỮ')
--INSERT INTO KHACHHANG VALUES ('KH014', N'Thái Hồ Minh Duy',N'NAM') 
--INSERT INTO KHACHHANG VALUES ('KH015', N'Nguyễn Thị Hạnh Duyên',N'NỮ')
--INSERT INTO KHACHHANG VALUES ('KH016', N'Phùng Ngọc Gấm',N'NỮ')
--INSERT INTO KHACHHANG VALUES ('KH017', N'Trịnh Thị Ngân Giang',N'NỮ')  
--INSERT INTO KHACHHANG VALUES ('KH018', N'Võ Thị Thu Hà',N'NỮ')
--INSERT INTO KHACHHANG VALUES ('KH019', N'Đặng Thanh Hải',N'NAM')
--INSERT INTO KHACHHANG VALUES ('KH020', N'Dương Duy Hân',N'NAM')  
---------------------------NHAP BẢNG LOẠI NHÂN VIÊN---------------------------------
INSERT INTO LOAINHANVIEN VALUES ('NVL001', N'Quản lý')
INSERT INTO LOAINHANVIEN VALUES ('NVL002', N'Nhân viên bán hàng')
INSERT INTO LOAINHANVIEN VALUES ('NVL003', N'Nhân viên kỹ thuật')

---------------------------NHAP BẢNG NHÂN VIÊN---------------------------------
INSERT INTO NHANVIEN VALUES ('NV001', N'Hứa Thị Ngọc Hân',N'Nữ','NVL001',N'Quận 12')
INSERT INTO NHANVIEN VALUES ('NV002', N'Dư Nhựt Hào',N'Nam','NVL002',N'Trần Phú')
INSERT INTO NHANVIEN VALUES ('NV003', N'Trần Phong Hào',N'Nam','NVL002',N'Yên Bái')
INSERT INTO NHANVIEN VALUES ('NV004', N'Dương Hoàng Hiếu',N'Nam','NVL002',N'Quận 11')
INSERT INTO NHANVIEN VALUES ('NV005', N'Trần Vũ Khải Hoàn',N'Nam','NVL002',N'Quận 1')
INSERT INTO NHANVIEN VALUES ('NV006', N'Lê Minh Hoàng',N'Nam','NVL002',N'Quận Tân Phú')
INSERT INTO NHANVIEN VALUES ('NV007', N'Phan Nguyễn Quỳnh Hương',N'Nữ','NVL002',N'Quận 10')
INSERT INTO NHANVIEN VALUES ('NV008', N'Nguyễn Kim Khánh',N'Nữ','NVL002',N'Quận 5')
INSERT INTO NHANVIEN VALUES ('NV009', N'Đỗ Thị Bích',N'Nữ','NVL002',N'Quận 10')
INSERT INTO NHANVIEN VALUES ('NV010', N'Phan Nguyễn Hà Minh',N'Nữ','NVL002',N'Quận 8')
INSERT INTO NHANVIEN VALUES ('NV011', N'Đào Duy Biên',N'Nam','NVL003',N'Quận 3')
INSERT INTO NHANVIEN VALUES ('NV012', N'Lê Minh Hoàng',N'Nam','NVL003',N'Quận 7')
INSERT INTO NHANVIEN VALUES ('NV013', N'Lê Minh Hưng',N'Nam','NVL003',N'HÀ TĨNH')
INSERT INTO NHANVIEN VALUES ('NV014', N'Đỗ Quốc Huy',N'Nam','NVL003',N'Quận 10')
INSERT INTO NHANVIEN VALUES ('NV015', N'Nguyễn Hà Khang',N'Nam','NVL003',N'Quận 6')
---------------------------NHAP BẢNG ACCOUNT---------------------------------
INSERT INTO ACCOUNT VALUES ('AC001', 'NGOCHAN','123456','NV001','NVL001')
INSERT INTO ACCOUNT VALUES ('AC002', 'NHUTHAO','123456','NV002','NVL002')
INSERT INTO ACCOUNT VALUES ('AC003', 'PHONGHAO','123456','NV003','NVL002')
INSERT INTO ACCOUNT VALUES ('AC004', 'QUOCHUY','123456','NV014','NVL003')
INSERT INTO ACCOUNT VALUES ('AC005', 'HAKHANG','123456','NV015','NVL003')

---------------------------NHẬP BẢNG HUẤN LUYỆN VIÊN-----------------------------------------
INSERT INTO HUANLUYENVIEN VALUES ('HLV001', N'Đặng Hoàng Lộc',N'NAM',N'Bình Thạch',1)
INSERT INTO HUANLUYENVIEN VALUES ('HLV002', N'Phan Quốc Vinh',N'NAM',N'Quận 3',1)
INSERT INTO HUANLUYENVIEN VALUES ('HLV003', N'Trần Văn Tài',N'NAM',N'Quận 4',1)
INSERT INTO HUANLUYENVIEN VALUES ('HLV004', N'Vũ Đức Thiện',N'NAM',N'Quận 10',1)
INSERT INTO HUANLUYENVIEN VALUES ('HLV005', N'Nguyễn Minh Trung',N'NAM',N'Phú Yên',1)

---------------------------NHẬP BẢNG NHÀ CUNG CẤP-----------------------------------------
INSERT INTO NHACC VALUES ('NCC001', N'Công Ty TNHH Đầu Tư TM',N'Đường 5, Nguyễn Văn Linh, Phúc Đồng, Long Biên')
INSERT INTO NHACC VALUES ('NCC002', N'Công Ty TNHH Đầu Tư Phát Triển Hưng Việt Long',N'68 Quan Nhân, Trung Hòa, Cầu Giấy,Hà Nội')
INSERT INTO NHACC VALUES ('NCC003', N'Công Ty TNHH Việt Nhân',N'368A QL 51, Xã An Hòa, TP. Biên Hòa,Đồng Nai')
INSERT INTO NHACC VALUES ('NCC004', N'Công Ty TNHH Việt Nhật',N'67-69 Quốc Lộ 13, P. Hiệp Bình Chánh, Q. Thủ Đức, TP. HCM')
INSERT INTO NHACC VALUES ('NCC005', N'Công Ty Cổ Phần Đầu Tư Phát Triển Thắng Lợi',N'143 Thanh Am, Thượng Thanh, Long Biên,Hà Nội')
INSERT INTO NHACC VALUES ('NCC006', N'Công Ty TNHH Ô Tô Và Xe Chuyên Dùng Việt Nhật',N'Số 2821 Đại Lộ Hùng Vương, Vân Cơ, Việt Trì, Phú Thọ. Nội Nhà máy sản xuất: Tân Lập, Yên Mỹ, Hưng Yên')
INSERT INTO NHACC VALUES ('NCC007', N'Công Ty TNHH Phát Triển Công Nghiệp Minh Khuê',N'Tòa Nhà CT15, X. Tân Triều, H. Thanh Trì, Hà Nội')
INSERT INTO NHACC VALUES ('NCC008', N'Công Ty Cổ Phần Xuất Nhập Khẩu Xe Long Biên',N'Thôn Đông, X. Phù Lỗ, H. Sóc Sơn, Hà Nội')
INSERT INTO NHACC VALUES ('NCC009', N'Công Ty TNHH Khang Minh',N'D7/20 Quốc lộ 1A, thị trấn Tân Túc, Bình Chánh,Tp. Hồ Chí Minh')
INSERT INTO NHACC VALUES ('NCC010', N'Công Ty Cổ Phần TM DV An Sương',N'695 Quang Trung, P.8, Q. Gò Vấp, TPHCM ')
---------------------------NHẬP BẢNG XE-----------------------------------------

INSERT INTO XE VALUES ('XE001',N'Xe đua C42 ','24/03/2020','NCC001',1)
INSERT INTO XE VALUES ('XE002',N'Xe đua F1-75','22/04/2021','NCC002',1)
INSERT INTO XE VALUES ('XE003',N'Xe đua AMR22','23/05/2020','NCC003',1)
INSERT INTO XE VALUES ('XE004',N'Xe đua Formula ','24/03/2020','NCC004',1)
INSERT INTO XE VALUES ('XE005',N'Xe đua RB18','24/03/2020','NCC005',1)
INSERT INTO XE VALUES ('XE006',N'Xe đua W12','13/02/2020','NCC006',1)
INSERT INTO XE VALUES ('XE007',N'Xe đua VF-22','22/05/2021','NCC007',1)
INSERT INTO XE VALUES ('XE008',N'Xe đua A522','23/12/2020','NCC008',1)
INSERT INTO XE VALUES ('XE009',N'Xe đua AT03','12/03/2020','NCC009',1)
INSERT INTO XE VALUES ('XE010',N'Xe đua AM02','12/03/2020','NCC010',1)
INSERT INTO XE VALUES ('XE011',N'Xe đua McLaren','23/03/2021','NCC004',1)
--------------------------NHẬP BẢNG LOẠI ĐỒ BẢO HỘ-------------------------------------
INSERT INTO LOAIDOBAOHO VALUES ('L001', N'Nón bảo hộ',10000)
INSERT INTO LOAIDOBAOHO VALUES ('L003', N'Giày bảo hộ',20000)
INSERT INTO LOAIDOBAOHO VALUES ('L004', N'Găng tay',10000)
INSERT INTO LOAIDOBAOHO VALUES ('L005', N'Đồ bảo hộ',50000)
--------------------------NHẬP BẢNG ĐỒ BẢO HỘ-------------------------------------
INSERT INTO DOBAOHO VALUES ('BH001',N'Nón trùm kín đầu (Full-Face)','L001', 'NCC001',1)
INSERT INTO DOBAOHO VALUES ('BH002',N'Nón Modular (Flip-up)','L001', 'NCC001',1)
INSERT INTO DOBAOHO VALUES ('BH003',N'Găng tay bảo hộ LS2','L004', 'NCC003',1)
INSERT INTO DOBAOHO VALUES ('BH004',N'GIÀY ALPINESTARS RAN DRYSTAR','L003', 'NCC003',1)
INSERT INTO DOBAOHO VALUES ('BH005',N'GIÀY ALPINESTARS SP-1 V2 VENTED','L003', 'NCC003',1)
INSERT INTO DOBAOHO VALUES ('BH007', N'ÁO BẢO HỘ SCOYCO JK158W','L005','NCC009',1)
INSERT INTO DOBAOHO VALUES ('BH008', N'ÁO TOURING APRO TESLA','L005','NCC009',1)
---------------------------NHẬP BẢNG VE-----------------------------------------
INSERT INTO LOAIVE VALUES ('MV001',N'5 phút','0:05',125000)
INSERT INTO LOAIVE VALUES ('MV002',N'10 phút','0:10',200000)
INSERT INTO LOAIVE VALUES ('MV003',N'15 phút','0:15',275000)

-----------------------------NHẬP BẢNG HÓA ĐƠN BÁN VÉ-----------------------------------------
--set dateformat dmy
--INSERT INTO HOADONBANVE VALUES ('HDBV001','MV001','NV001','11/02/2020')
--INSERT INTO HOADONBANVE VALUES ('HDBV002','MV003','NV002','21/02/2020')
--INSERT INTO HOADONBANVE VALUES ('HDBV003','MV004','NV005','11/03/2020')
--INSERT INTO HOADONBANVE VALUES ('HDBV004','MV005','NV007','16/04/2020')
--INSERT INTO HOADONBANVE VALUES ('HDBV005','MV007','NV003','11/06/2020')
--INSERT INTO HOADONBANVE VALUES ('HDBV006','MV008','NV002','15/02/2020')
--INSERT INTO HOADONBANVE VALUES ('HDBV007','MV002','NV004','13/02/2020')
--INSERT INTO HOADONBANVE VALUES ('HDBV008','MV006','NV008','24/03/2020')

--------------------------NHẬP BẢNG CHI TIẾT HÓA ĐƠN BÁN VÉ---------------------------------
--INSERT INTO CTHOADONBANVE VALUES ('HDBV001','MV001',1,125000,125000)
--INSERT INTO CTHOADONBANVE VALUES ('HDBV002','MV002',1,200000,125000)
--INSERT INTO CTHOADONBANVE VALUES ('HDBV003','MV003',1,275000,275000)
--INSERT INTO CTHOADONBANVE VALUES ('HDBV004','MV004',3,10000,30000)
--INSERT INTO CTHOADONBANVE VALUES ('HDBV005','MV005',1,20000,20000)
--INSERT INTO CTHOADONBANVE VALUES ('HDBV005','MV006',1,10000,10000)
--INSERT INTO CTHOADONBANVE VALUES ('HDBV006','MV007',2,1000000,2000000)
--INSERT INTO CTHOADONBANVE VALUES ('HDBV005','MV008',2,1500000,3000000)

---------------------------NHẬP BẢNG TRANG THIẾT BỊ-----------------------------------------
INSERT INTO TRANGTHIETBI VALUES ('TB001',N'Xăng','24/03/2020','NCC001',10)
INSERT INTO TRANGTHIETBI VALUES ('TB002',N'Dầu nhớt','22/04/2021','NCC009',10)
INSERT INTO TRANGTHIETBI VALUES ('TB003',N'Lốp xe','23/05/2020','NCC008',10)
INSERT INTO TRANGTHIETBI VALUES ('TB004',N'Vô Lăng Serafim R1+','23/05/2020','NCC008',10)

---------------------------NHẬP BẢNG BẢO TRÌ-----------------------------------------
--INSERT INTO BAOTRI VALUES ('MBT001',N'Sửa chữa Xe đua C42 ',N'Thay phụ kiện xe',1,'NVKT01','XE001')
--INSERT INTO BAOTRI VALUES ('MBT002',N'Sửa chữa Xe đua RB18 ',N'Thay bánh xe',1,'NVKT02','XE005')
--INSERT INTO BAOTRI VALUES ('MBT003',N'Sửa chữa Xe đua A522 ',N'Thay Vô lăng',1,'NVKT03','XE008')
--INSERT INTO BAOTRI VALUES ('MBT004',N'Sửa chữa Xe đua Formula ',N'Thay phanh xe',1,'NVKT04','XE004')
--INSERT INTO BAOTRI VALUES ('MBT005',N'Sửa chữa Xe đua VF-22 ',N'Thay dang áo',1,'NVKT05','XE007')
--INSERT INTO BAOTRI VALUES ('MBT006',N'Sửa chữa Xe đua AT03 ',N'Thay Buồng lái',3,'NVKT01','XE009')
--INSERT INTO BAOTRI VALUES ('MBT007',N'Sửa chữa Xe đua McLaren ',N'Thay Động cơ',1,'NVKT03','XE011')
--INSERT INTO BAOTRI VALUES ('MBT008',N'Sửa chữa Xe đua F1-75',N'Thay Cánh gió trước và đuôi xe',2,'NVKT02','XE002')
--INSERT INTO BAOTRI VALUES ('MBT009',N'Sửa chữa Xe đua AT03 ',N'Thay Hệ thống thủy lực',5,'NVKT04','XE009')
--INSERT INTO BAOTRI VALUES ('MBT010',N'Sửa chữa Xe đua McLaren ',N'Thay Hộp số',2,'NVKT02','XE011')

---------------------------NHẬP BẢNG DỊCH VỤ THUÊ HUẤN LUYỆN VIÊN -----------------------------------------
INSERT INTO DICHVUTHUEHLV VALUES ('MDV001','1:00',N'Buổi huấn luyện cá nhân 1:1',1000000)
INSERT INTO DICHVUTHUEHLV VALUES ('MDV002','1:00',N'Buổi huấn luyện nhóm 2 người',2000000)

---------------------------NHẬP BẢNG HÓA ĐƠN THUÊ HUẤN LUYỆN VIÊN-----------------------------------------
--INSERT INTO HOADONTHUEHLV VALUES ('MH001','24/03/2020','NV001','KH001')
--INSERT INTO HOADONTHUEHLV VALUES ('MH002','12/04/2020','NV002','KH001')
--INSERT INTO HOADONTHUEHLV VALUES ('MH003','23/03/2020','NV003','KH001')
--INSERT INTO HOADONTHUEHLV VALUES ('MH004','14/05/2020','NV004','KH001')
--INSERT INTO HOADONTHUEHLV VALUES ('MH005','24/04/2022','NV005','KH001')
--INSERT INTO HOADONTHUEHLV VALUES ('MH006','14/03/2021','NV006','KH001')
--INSERT INTO HOADONTHUEHLV VALUES ('MH007','04/03/2022','NV007','KH001')
--INSERT INTO HOADONTHUEHLV VALUES ('MH008','24/03/2021','NV008','KH001')
--INSERT INTO HOADONTHUEHLV VALUES ('MH009','13/03/2020','NV009','KH001')

---------------------------NHẬP BẢNG CHI TIÊT HÓA ĐƠN THUÊ HUẤN LUYỆN VIÊN-----------------------------------------
--INSERT INTO CTHOADONTHUEHLV VALUES ('MH001','MDV001',3,1500000,4500000)
--INSERT INTO CTHOADONTHUEHLV VALUES ('MH002','MDV002',3,2000000,6000000)
--INSERT INTO CTHOADONTHUEHLV VALUES ('MH003','MDV003',5,1500000,6000000)
--INSERT INTO CTHOADONTHUEHLV VALUES ('MH004','MDV004',6,2000000,1200000)
--INSERT INTO CTHOADONTHUEHLV VALUES ('MH005','MDV005',11,1500000,16500000)
--INSERT INTO CTHOADONTHUEHLV VALUES ('MH006','MDV006',20,2000000,40000000)
--INSERT INTO CTHOADONTHUEHLV VALUES ('MH007','MDV007',30,1500000,4500000)
--INSERT INTO CTHOADONTHUEHLV VALUES ('MH008','MDV008',20,2000000,40000000)
--INSERT INTO CTHOADONTHUEHLV VALUES ('MH009','MDV003',10,1500000,1500000)


